{
  "method": "16-bit LoRA",
  "total_training_time_hours": 2.687106153898769,
  "avg_epoch_time_minutes": 53.6868583507008,
  "peak_memory_gb": 18.89072384,
  "final_perplexity": 2.3914502952499967,
  "final_loss": 0.8719,
  "model_size_mb": 4274.924458503723,
  "timestamp": "2025-12-23 05:47:06"
}